Workbook

Sheet Eventi
A1: SportCoach – Catalogo Eventi
A2: Dati demo per presentazione · Aprile 2025
A3: ID Evento | B3: Titolo Evento | C3: Sport | D3: Coach | E3: VIP | F3: Data | G3: Luogo | H3: Durata (h) | I3: Costo (€) | J3: Posti Max | K3: Posti Liberi | L3: Esperienza | M3: Stato
A4: EVT-001 | B4: Masterclass con Del Piero | C4: Calcio | D4: Alessandro Del Piero | E4: Si | F4: 15/04/2025 | G4: Milano, Linate Arena | H4: 3 | I4: 180 | J4: 50 | K4: 16 | L4: Intermedio | M4: Aperto
A5: EVT-002 | B5: Tennis Pro Experience | C5: Tennis | D5: Flavia Pennetta | E5: Si | F5: 22/04/2025 | G5: Roma, Foro Italico | H5: 2 | I5: 220 | J5: 30 | K5: 8 | L5: Avanzato | M5: Aperto
A6: EVT-003 | B6: Nuoto Agonistico Camp | C6: Nuoto | D6: Federica Pellegrini | E6: Si | F6: 28/04/2025 | G6: Torino, Piscina Olimpica | H6: 4 | I6: 350 | J6: 40 | K6: 12 | L6: Agonistico | M6: Aperto
A7: EVT-004 | B7: Padel Weekend Warrior | C7: Padel | D7: Chiara Cainero | E7: No | F7: 05/05/2025 | G7: Milano, PadelUp | H7: 1.5 | I7: 80 | J7: 24 | K7: 10 | L7: Principiante | M7: Aperto
A8: EVT-005 | B8: Yoga & Performance | C8: Yoga | D8: Elena Bertolini | E8: No | F8: 10/05/2025 | G8: Firenze, Centro Wellness | H8: 2 | I8: 60 | J8: 20 | K8: 14 | L8: Principiante | M8: Aperto
A9: EVT-006 | B9: Ciclismo su strada | C9: Ciclismo | D9: Filippo Ganna | E9: Si | F9: 17/05/2025 | G9: Bergamo, Colli orobici | H9: 5 | I9: 290 | J9: 35 | K9: 5 | L9: Avanzato | M9: Quasi pieno
A10: EVT-007 | B10: CrossFit Challenge | C10: CrossFit | D10: Marco Reus | E10: No | F10: 24/05/2025 | G10: Bologna, CF Academy | H10: 2 | I10: 110 | J10: 28 | K10: 18 | L10: Intermedio | M10: Aperto
A11: EVT-008 | B11: Running Urban Race | C11: Running | D11: Yeman Crippa | E11: Si | F11: 31/05/2025 | G11: Milano, Navigli | H11: 2 | I11: 95 | J11: 60 | K11: 22 | L11: Principiante | M11: Aperto
A12: EVT-009 | B12: Basket 3x3 Camp | C12: Pallacanestro | D12: Danilo Gallinari | E12: Si | F12: 07/06/2025 | G12: Napoli, PalaBarbuto | H12: 3 | I12: 160 | J12: 32 | K12: 9 | L12: Intermedio | M12: Aperto
A13: EVT-010 | B13: Sci Estivo Avanzato | C13: Sci | D13: Federica Brignone | E13: Si | F13: 14/06/2025 | G13: Cervinia, Plateau Rosa | H13: 6 | I13: 480 | J13: 20 | K13: 6 | L13: Agonistico | M13: Aperto
A14: EVT-011 | B14: Arrampicata Boulder | C14: Arrampicata | D14: Stefano Ghisolfi | E14: No | F14: 21/06/2025 | G14: Torino, Vertical | H14: 2.5 | I14: 130 | J14: 18 | K14: 11 | L14: Intermedio | M14: Aperto
A15: EVT-012 | B15: Triathlon Sprint | C15: Triathlon | D15: Alistair Brownlee | E15: Si | F15: 28/06/2025 | G15: Rimini, Adriatico | H15: 4 | I15: 310 | J15: 45 | K15: 14 | L15: Avanzato | M15: Aperto
A16: TOTALE / MEDIA | I16: =AVERAGE(I4:I15) -> 205.41667 | J16: =SUM(J4:J15) -> 402 | K16: =SUM(K4:K15) -> 145

Sheet Utenti
A1: SportCoach – Utenti Registrati
A2: Dati demo per presentazione · Aprile 2025
A3: ID Utente | B3: Nome | C3: Cognome | D3: Email | E3: Cellulare | F3: Sport Preferiti | G3: Data Registrazione | H3: Ticket Acquistati | I3: Score Medio
A4: USR-001 | B4: Mario | C4: Rossi | D4: mario.rossi@email.it | E4: +39 333 1234567 | F4: Calcio, Tennis | G4: 10/01/2025 | H4: 4 | I4: 78
A5: USR-002 | B5: Laura | C5: Bianchi | D5: laura.bianchi@email.it | E5: +39 347 9876543 | F5: Nuoto, Yoga | G5: 15/01/2025 | H5: 2 | I5: 82
A6: USR-003 | B6: Luca | C6: Verdi | D6: luca.verdi@email.it | E6: +39 320 5551234 | F6: Padel, Running | G6: 20/01/2025 | H6: 6 | I6: 91
A7: USR-004 | B7: Sofia | C7: Ferrari | D7: sofia.ferrari@email.it | E7: +39 366 7778888 | F7: CrossFit, Yoga | G7: 01/02/2025 | H7: 3 | I7: 74
A8: USR-005 | B8: Marco | C8: Esposito | D8: marco.esposito@email.it | E8: +39 389 4443322 | F8: Ciclismo | G8: 05/02/2025 | H8: 1 | I8: 68
A9: USR-006 | B9: Giulia | C9: Romano | D9: giulia.romano@email.it | E9: +39 331 2223344 | F9: Tennis, Padel | G9: 12/02/2025 | H9: 5 | I9: 85
A10: USR-007 | B10: Alessandro | C10: Conti | D10: ale.conti@email.it | E10: +39 342 6667788 | F10: Calcio, Basketball | G10: 18/02/2025 | H10: 3 | I10: 72
A11: USR-008 | B11: Chiara | C11: Ricci | D11: chiara.ricci@email.it | E11: +39 356 1112233 | F11: Running, Yoga | G11: 25/02/2025 | H11: 7 | I11: 88
A12: USR-009 | B12: Davide | C12: Marino | D12: davide.marino@email.it | E12: +39 370 8889900 | F12: Sci, Triathlon | G12: 03/03/2025 | H12: 2 | I12: 93
A13: USR-010 | B13: Valentina | C13: Greco | D13: vale.greco@email.it | E13: +39 333 4445566 | F13: Arrampicata | G13: 10/03/2025 | H13: 1 | I13: 65
A14: USR-011 | B14: Francesco | C14: Serra | D14: fran.serra@email.it | E14: +39 347 0001122 | F14: Nuoto, Ciclismo | G14: 17/03/2025 | H14: 4 | I14: 79
A15: USR-012 | B15: Elisa | C15: Costa | D15: elisa.costa@email.it | E15: +39 320 3334455 | F15: Padel, Tennis | G15: 24/03/2025 | H15: 2 | I15: 81
... A18: USR-015 | B18: Stefano | C18: Villa | D18: ste.villa@email.it | E18: +39 331 2221100 | F18: Calcio, Basket | G18: 10/04/2025 | H18: 0 | I18: 0
A19: TOTALE / MEDIA | H19: =SUM(H4:H18) -> 44 | I19: =AVERAGEIF(I4:I18,">0") -> 78.714286

Sheet Ticket Acquistati
A1: SportCoach – Ticket Acquistati
A2: Dati demo per presentazione · Aprile 2025
A3: ID Ticket | B3: Codice Conf. | C3: Utente | D3: Evento | E3: Data Acquisto | F3: Partecipanti | G3: Costo Totale (€) | H3: Fee (€) | I3: Stato
A4: TKT-001 | B4: SC-A1B2C3D | C4: Mario Rossi | D4: Masterclass con Del Piero | E4: 02/03/2025 | F4: 2 | G4: 360 | H4: 18 | I4: Confermato
A5: TKT-002 | B5: SC-E4F5G6H | C5: Laura Bianchi | D5: Nuoto Agonistico Camp | E5: 10/03/2025 | F5: 1 | G5: 350 | H5: 17.5 | I5: Confermato
A6: TKT-003 | B6: SC-I7J8K9L | C6: Luca Verdi | D6: Padel Weekend Warrior | E6: 15/03/2025 | F6: 3 | G6: 240 | H6: 12 | I6: Confermato
A7: TKT-004 | B7: SC-M1N2O3P | C7: Giulia Romano | D7: Tennis Pro Experience | E7: 18/03/2025 | F7: 1 | G7: 220 | H7: 11 | I7: Confermato
A8: TKT-005 | B8: SC-Q4R5S6T | C8: Chiara Ricci | D8: Running Urban Race | E8: 20/03/2025 | F8: 2 | G8: 190 | H8: 9.5 | I8: Confermato
A9: TKT-006 | B9: SC-U7V8W9X | C9: Davide Marino | D9: Sci Estivo Avanzato | E9: 25/03/2025 | F9: 1 | G9: 480 | H9: 24 | I9: Confermato
A10: TKT-007 | B10: SC-Y1Z2A3B | C10: Marco Esposito | D10: Ciclismo su strada | E10: 28/03/2025 | F10: 1 | G10: 290 | H10: 14.5 | I10: Confermato
A11: TKT-008 | B11: SC-C4D5E6F | C11: Sofia Ferrari | D11: Yoga & Performance | E11: 01/04/2025 | F11: 2 | G11: 120 | H11: 6 | I11: Confermato
A12: TKT-009 | B12: SC-G7H8I9J | C12: Alessandro Conti | D12: Basket 3x3 Camp | E12: 03/04/2025 | F12: 2 | G12: 320 | H12: 16 | I12: Confermato
A13: TKT-010 | B13: SC-K1L2M3N | C13: Francesco Serra | D13: CrossFit Challenge | E13: 05/04/2025 | F13: 1 | G13: 110 | H13: 5.5 | I13: Confermato
A14: TKT-011 | B14: SC-O4P5Q6R | C14: Elisa Costa | D14: Padel Weekend Warrior | E14: 06/04/2025 | F14: 1 | G14: 80 | H14: 4 | I14: Confermato
A15: TKT-012 | B15: SC-S7T8U9V | C15: Nicolò Gallo | D15: CrossFit Challenge | E15: 07/04/2025 | F15: 3 | G15: 330 | H15: 16.5 | I15: Confermato
... A18: TKT-015 | B18: SC-E7F8G9H | C18: Mario Rossi | D18: Ciclismo su strada | E18: 10/04/2025 | F18: 1 | G18: 290 | H18: 14.5 | I18: Annullato
A19: TOTALE | F19: =SUM(F4:F18) -> 23 | G19: =SUM(G4:G18) -> 3605 | H19: =SUM(H4:H18) -> 180.25

Sheet Performance
A1: SportCoach – Performance Utenti
A2: Dati demo per presentazione · Aprile 2025
A3: ID Perf. | B3: Utente | C3: Evento | D3: Data | E3: FC Media (bpm) | F3: FC Max (bpm) | G3: Calorie (kcal) | H3: Distanza (km) | I3: Durata (min) | J3: Score (/100) | K3: Commento Coach
A4: PRF-001 | B4: Mario Rossi | C4: Masterclass con Del Piero | D4: 15/04/2025 | E4: 142 | F4: 168 | G4: 780 | H4: 6.4 | I4: 180 | J4: 78 | K4: Ottima resistenza. Migliorare la gestione finale.
A5: PRF-002 | B5: Laura Bianchi | C5: Nuoto Agonistico Camp | D5: 28/04/2025 | E5: 138 | F5: 162 | G5: 920 | H5: 4.2 | I5: 240 | J5: 85 | K5: Tecnica eccellente. Incrementare la potenza in partenza.
A6: PRF-003 | B6: Luca Verdi | C6: Padel Weekend Warrior | D6: 05/05/2025 | E6: 125 | F6: 148 | G6: 410 | H6: 2.8 | I6: 90 | J6: 91 | K6: Controllo notevole. Lavorare sul rovescio difensivo.
A7: PRF-004 | B7: Giulia Romano | C7: Tennis Pro Experience | D7: 22/04/2025 | E7: 131 | F7: 155 | G7: 550 | H7: 3.5 | I7: 120 | J7: 82 | K7: Buona mobilità. Migliorare il servizio sotto pressione.
A8: PRF-005 | B8: Chiara Ricci | C8: Running Urban Race | D8: 31/05/2025 | E8: 148 | F8: 171 | G8: 680 | H8: 8.5 | I8: 105 | J8: 88 | K8: Ritmo costante. Ottima progressione nel finale.
A9: PRF-006 | B9: Davide Marino | C9: Sci Estivo Avanzato | D9: 14/06/2025 | E9: 155 | F9: 178 | G9: 1050 | H9: 14.2 | I9: 360 | J9: 93 | K9: Tecnica fuori categoria. Postura perfetta in discesa.
A10: PRF-007 | B10: Marco Esposito | C10: Ciclismo su strada | D10: 17/05/2025 | E10: 141 | F10: 166 | G10: 890 | H10: 48 | I10: 300 | J10: 68 | K10: Buona potenza. Gestione salita da migliorare.
A11: PRF-008 | B11: Sofia Ferrari | C11: Yoga & Performance | D11: 10/05/2025 | E11: 98 | F11: 114 | G11: 320 | H11: 0 | I11: 120 | J11: 74 | K11: Flessibilità ottima. Focus sulla respirazione profonda.
A12: PRF-009 | B12: Alessandro Conti | C12: Basket 3x3 Camp | D12: 07/06/2025 | E12: 144 | F12: 170 | G12: 620 | H12: 4.1 | I12: 180 | J12: 72 | K12: Ottimo atletismo. Migliorare la lettura del gioco.
A13: PRF-010 | B13: Francesco Serra | C13: CrossFit Challenge | D13: 24/05/2025 | E13: 160 | F13: 182 | G13: 850 | H13: 2.2 | I13: 120 | J13: 79 | K13: Alta intensità mantenuta. Recupero post-WOD da ottimizzare.
A14: MEDIA GRUPPO | E14: =AVERAGE(E4:E13) -> 138.2 | F14: =AVERAGE(F4:F13) -> 161.4 | G14: =AVERAGE(G4:G13) -> 707 | H14: =AVERAGE(H4:H13) -> 9.39 | I14: =AVERAGE(I4:I13) -> 181.5 | J14: =AVERAGE(J4:J13) -> 81

Sheet Dashboard KPI
A1: SportCoach – Dashboard KPI
A2: Riepilogo performance piattaforma · Aprile 2025
B4: Utenti Totali | C4: Eventi Attivi | D4: Ticket Venduti | E4: Ricavo Totale | F4: Fee Incassate | G4: Score Medio
B5: =COUNTA(Utenti!A4:A18) -> 15 | C5: =COUNTIF(Eventi!M4:M15,"Aperto") -> 11 | D5: =COUNTA('Ticket Acquistati'!A4:A18) -> 15 | E5: =SUM('Ticket Acquistati'!G4:G18) -> 3605 | F5: =SUM('Ticket Acquistati'!H4:H18) -> 180.25 | G5: =AVERAGEIF(Performance!J4:J13,">0") -> 81
B6: registrati alla piattaforma | C6: con posti disponibili | D6: dal lancio della piattaforma | E6: al lordo delle fee | F6: 5% per transazione | G6: media performance utenti
B10: Distribuzione eventi per sport
B11: Calcio | C11: 1 | D11: =C11/12 -> 0.083333333 | E11: █░░░░
B12: Tennis | C12: 1 | D12: =C12/12 -> 0.083333333 | E12: █░░░░
B13: Nuoto | C13: 1 | D13: =C13/12 -> 0.083333333 | E13: █░░░░
B14: Padel | C14: 1 | D14: =C14/12 -> 0.083333333 | E14: █░░░░
B15: Yoga | C15: 1 | D15: =C15/12 -> 0.083333333 | E15: █░░░░
B16: Ciclismo | C16: 1 | D16: =C16/12 -> 0.083333333 | E16: █░░░░
B17: CrossFit | C17: 1 | D17: =C17/12 -> 0.083333333 | E17: █░░░░
B18: Running | C18: 1 | D18: =C18/12 -> 0.083333333 | E18: █░░░░
B19: Pallacanestro | C19: 1 | D19: =C19/12 -> 0.083333333 | E19: █░░░░
B20: Sci | C20: 1 | D20: =C20/12 -> 0.083333333 | E20: █░░░░
B21: Arrampicata | C21: 1 | D21: =C21/12 -> 0.083333333 | E21: █░░░░
B22: Triathlon | C22: 1 | D22: =C22/12 -> 0.083333333 | E22: █░░░░
